track_id,title,artist
4HlFJV71xXKIGcU3kRyttv,"Hey, Soul Sister",Train
15JINEqzVMv3SvJTAXAKED,Love The Way You Lie,Eminem
0HPD5WQqrq7wPWR7P7Dw1i,TiK ToK,Kesha
0SiywuOBRcynK0uKGWdCnn,Bad Romance,Lady Gaga
7BqBn9nzAq8spo5e7cZ0dJ,Just the Way You Are,Bruno Mars
6epn3r7S14KUqlReYr77hA,Baby,Justin Bieber
1DqdF42leyFIzqNDv9CjId,Dynamite,Taio Cruz
1NhPKVLsHhFUHIOZ32QnS2,Secrets,OneRepublic
5sra5UY6sD658OabHL3QtI,Empire State of Mind (Part II) Broken Down,Alicia Keys
2ENexcMEMsYk0rVJigVD3i,Only Girl (In The World),Rihanna
6ebkx7Q5tTxrCxKq4GYj0Y,Club Can't Handle Me (feat. David Guetta),Flo Rida
22PMfvdz35fFKYnJyMn077,Marry You,Bruno Mars
2V4bv1fNWfTcyRJKmej6Sj,Cooler Than Me - Single Mix,Mike Posner
7rl7ao5pb9BhvAzPdWStxi,Telephone,Lady Gaga
4DvhkX2ic4zWkQeWMwQ2qf,Like A G6,Far East Movement
1bM50INir8voAkVoKuvEUI,OMG (feat. will.i.am),Usher
45O0tUN9Bh6LH4eNxQ07AT,Eenie Meenie,Sean Kingston
3TyIWEX7dDQI5tsKLEJtKA,The Time (Dirty Bit),The Black Eyed Peas
4lwavw59UjXUPJZtKNdFYp,Alejandro,Lady Gaga
6vc2Jq2vaGu8z326kSrw92,Your Love Is My Drug,Kesha
4BKKOpYUypuaDG8z2IvZnE,Meet Me Halfway,The Black Eyed Peas
2rDwdvBma1O1eLzo29p2cr,Whataya Want from Me,Adam Lambert
0WCiI0ddWiu5F2kSHgfw5S,Take It Off,Kesha
6KBYk8OFtod7brGuZ3Y67q,Misery,Maroon 5
5XRHGXut00SrJUFmcn2lQF,All The Right Moves,OneRepublic
1fBl642IhJOE5U319Gy2Go,Animal,Neon Trees
1YaVmBh7EAeR54FIjuFcb5,Naturally,Selena Gomez & The Scene
4nVyHATevhl5RC6Qmoko5H,I Like It,Enrique Iglesias
5jzKL4BDMClWqRguW5qZvh,Teenage Dream,Katy Perry
6KOEK6SeCEZOQkLj5M1PxH,California Gurls,Katy Perry
6pymOcrCnMuCWdgGVTvUgP,3,Britney Spears
17tDv8WA8IhqE8qzuQn707,My First Kiss - feat. Ke$ha,3OH!3
7lWUJpax919G4JdaFEVmCy,Blah Blah Blah (feat. 3OH!3),Kesha
1238eTY0ucMKVF2iw5u5I2,Imma Be,The Black Eyed Peas
1yK9LISg5uBOOW5bT2Wm0i,Try Sleeping with a Broken Heart,Alicia Keys
0uXO2GrNiIb1xHT9LUdxZE,Sexy Bitch (feat. Akon),David Guetta
1wfsEe3xb2kvWv8dXD5k5m,Bound To You - Burlesque Original Motion Picture Soundtrack,Christina Aguilera
0H1OyEooZ5SzBYYdJEzxoy,If I Had You,Adam Lambert
7CdDmRkvPhJxNHVGudMg9e,Rock That Body,The Black Eyed Peas
1YLJVmuzeM2YSUkCCaTNUB,Dog Days Are Over,Florence + The Machine
2CVMTJWBqbtaCWNWbcBZae,Something's Got A Hold On Me - Burlesque Original Motion Picture Soundtrack,Christina Aguilera
,Doesn't Mean Anything,Alicia Keys
3YJkAQNEhmCZGLdmPsu6Ye,Hard,Rihanna
42k1KeBehAd83lrGt1okiC,Loca,Shakira
1maOjghpUSvVHj9F9WPujZ,You Lost Me,Christina Aguilera
29CFPJaBW3ZfVeCI8EDnQa,Not Myself Tonight,Christina Aguilera
61HQWI1Woxup7CnGwVUsdI,Written in the Stars (feat. Eric Turner),Tinie Tempah
4356Typ82hUiFAynbLYbPn,DJ Got Us Fallin' In Love (feat. Pitbull),Usher
,Castle Walls (feat. Christina Aguilera),T.I.
1CdqVF1ywD0ZO1zXtB9yWa,Break Your Heart,Taio Cruz
3sl4dcqSwxHVnLfqwF2jly,Hello,Martin Solveig
6lanRgr6wXibZr8KgzXxBl,A Thousand Years,Christina Perri
1zwMYTA5nlNjZxYrvBB2pV,Someone Like You,Adele
4QNpBfC0zvjKqPJcyqBy9W,Give Me Everything,Pitbull
7BqBn9nzAq8spo5e7cZ0dJ,Just the Way You Are,Bruno Mars
1c8gk2PeTE04A1pIDH9YMk,Rolling in the Deep,Adele
1uXbwHHfgsXcUKfSZw5ZJ0,Run the World (Girls),Beyoncé
7LcfRTgAVTs5pQGEQgUEzN,Moves Like Jagger - Studio Recording From The Voice Performance,Maroon 5
1z6WtY7X4HQJvzxC4UgkSf,Love On Top,Beyoncé
2tJulUYLDKOg9XrtVkMgcJ,Grenade,Bruno Mars
2i0AUcEnsDm3dsqLrFWUCq,Tonight Tonight,Hot Chelle Rae
2z4U9d5OAA4YLNXoCgioxo,What the Hell,Avril Lavigne
6r2BECwMgEoRb5yLfp0Hca,Born This Way,Lady Gaga
1ZHYJ2Wwgxes4m8Ba88PeK,Monster,Kanye West
22PMfvdz35fFKYnJyMn077,Marry You,Bruno Mars
3lBRNqXjPp2j3JMTCXDTNO,Best Thing I Never Had,Beyoncé
0IkKz2J93C94Ei4BvDop7P,Party Rock Anthem,LMFAO
3LUWWox8YYykohBbHUrrxd,We R Who We R,Kesha
5mvKuE9Lf9ARVXVXA32kK9,Price Tag,Jessie J
6OtCIsQZ64Vs1EbzztvAv4,Good Life,OneRepublic
19jd1ffgFMwGpafuoqImry,Just Cant Get Enough,The Black Eyed Peas
3C0nOe05EIt1390bVABLyN,On The Floor,Jennifer Lopez
1dsDlAQFRP1Li92v0PQyZA,What's My Name?,Rihanna
2QtxlzvSBONjs1bDC34ixs,Yeah 3x,Chris Brown
1tAutlhI9FwnKn7fVgmd5P,Without You (feat. Usher),David Guetta
0obBFrPYkSoBJbvHfUIhkv,Sexy And I Know It,LMFAO
0JNdS1n0ifOP25XvhwAMgM,The Edge Of Glory,Lady Gaga
4kkeuVl6gF3RMqE4Nn5W3E,E.T.,Katy Perry
38iU2jg98IZZEIJPrP7aWD,Till the World Ends,Britney Spears
5cCAZS9VhLGEDV4NCfieeg,I Wanna Go,Britney Spears
3pYDZTJM2tVBUhIRifWVzI,Blow,Kesha
6rkAY9rk1NTFB94QxG3LJR,You And I,Lady Gaga
0QkWikH5Z3U0f79T9iuF6c,Judas,Lady Gaga
3nMb7ToWIxYvmaIG20z6ux,Tonight (I'm Fuckin' You),Enrique Iglesias
6jg5SRvdGxvJ0DzNV0UqEK,Please Don't Go,Mike Posner
6qn9YLKt13AGvpq9jfO8py,We Found Love,Rihanna
1k18nxjYj8R5iz82Ap7GEY,Marry The Night,Lady Gaga
6XXxKsu3RJeN3ZvbMYrgQW,1+1,Beyoncé
7Dyq1bhhjknLKEGg4k5NLr,Hold It Against Me,Britney Spears
,I'm Into You,Jennifer Lopez
1nAGuIZXz6vb8XW0xiMqic,Papi,Jennifer Lopez
46MDLc0Yip6xCMSsdePOAU,Cheers (Drink To That),Rihanna
44FAj28ivN0HJ0xVYwQ9nL,S&M Remix,Rihanna
61HQWI1Woxup7CnGwVUsdI,Written in the Stars (feat. Eric Turner),Tinie Tempah
0HZhYMZOcUzZKSFwPOti6m,Jar of Hearts,Christina Perri
,Castle Walls (feat. Christina Aguilera),T.I.
2kfGoV9a5dbSKCNmUWH2ZF,Turning Page,Sleeping At Last
3hlksXnvbKogFdPbpO9vel,Super Bass,Nicki Minaj
1gv4xPanImH17bKZ9rOveR,Raise Your Glass,P!nk
11zc0hwujMgsZ4gWJCwKHO,Invading My Mind,Jennifer Lopez
5bwJO9ra8JI7rdf6ZWoa7h,Moment 4 Life - Album Version (Edited),Nicki Minaj
3avYqdwHKEq8beXbeWCKqJ,Last Friday Night (T.G.I.F.),Katy Perry
4r6eNCsrZnQWJzzvFh4nlg,Firework,Katy Perry
26GiqYCDH0KpIXpXqeu2i0,Muny - Album Version (Edited),Nicki Minaj
0lHAMNU8RGiIObScrsRgmP,Titanium (feat. Sia),David Guetta
3w3y8KPTfNeOKPiqUTakBh,Locked Out of Heaven,Bruno Mars
6nek1Nin9q48AVZcWs9e9D,Paradise,Coldplay
4P0osvTXoSYZZC2n8IFH3c,Payphone,Maroon 5
4cluDES4hQEUhmXj6TXkSo,What Makes You Beautiful,One Direction
6FB3v4YcR57y4tXFcdxI1E,I Knew You Were Trouble.,Taylor Swift
3TGRqZ0a2l1LRblBkJoaDx,Call Me Maybe,Carly Rae Jepsen
0laYHRpNTS6i8FXdupHkJ4,Love You Like A Love Song,Selena Gomez & The Scene
73CMRj62VK8nUS4ezD2wvi,Set Fire to the Rain,Adele
5YqltLsjdqFtvqE7Nrysvs,We Are Never Ever Getting Back Together,Taylor Swift
6D60klaHqbCl9ySc8VcRss,Stronger (What Doesn't Kill You),Kelly Clarkson
1jF7IL57ayN4Ity3jQqGu0,Try,P!nk
1oHNvJVbFkexQc0BpQp7Y4,Starships,Nicki Minaj
4XNrMwGx1SqP01sqkGTDmo,One More Night,Maroon 5
1kPpge9JDLpcj15qgrPbYX,Good Time,Owl City
5yDL13y5giogKs2fSNf7sj,Glad You Came,The Wanted
6QFCMUUq1T2Vf5sFUXcuQ7,Beauty And A Beat,Justin Bieber
62zFEHfAYl5kdHYOivj4BC,International Love,Pitbull
6t6oULCRS6hnI7rm0h5gwl,Some Nights,fun.
3UGIZ8qcrMTwzLbx6Kttqt,Boyfriend,Justin Bieber
6yARPLK0PV4heEyh7pVMGz,Part Of Me,Katy Perry
6MAdEUilV2p9RQUqE5bMAK,Domino,Jessie J
5WQQIDU3HRaMyPkob8mpFb,Where Have You Been,Rihanna
1rUQmXEy41tXwHIKFECNTa,Wide Awake,Katy Perry
6hkOqJ5mE093AQf2lbZnsG,The One That Got Away,Katy Perry
2xnoPV3NLescauc0ZJ1MDZ,Dance Again,Jennifer Lopez
1RMRkCn07y2xtBip9DzwmC,Turn Up the Music,Chris Brown
7gUpO6td4OOnu0Lf9vhcIV,Lights - Single Version,Ellie Goulding
7a86XRg84qjasly9f6bPSD,We Are Young (feat. Janelle Monáe),fun.
1z9kQ14XBSN0r2v6fx4IdG,Diamonds,Rihanna
3Tu7uWBecS6GsLsL8UONKn,Don't Stop the Party (feat. TJR),Pitbull
3Yt9lRtS5V4nbJnwcgFgvC,You Da One,Rihanna
0qOnSQQF0yzuPWsXrQ9paz,Stereo Hearts (feat. Adam Levine),Gym Class Heroes
0RUGuh2uSNFJpGMSsD1F5C,It Will Rain,Bruno Mars
4k80K0b6KZ2QjAYkXON7q6,Blow Me (One Last Kiss),P!nk
3YZE5qDV7u1ZD1gZc47ZeR,Underneath the Tree,Kelly Clarkson
0nrRP2bk19rLc0orkWPQk2,Wake Me Up,Avicii
4nVBt6MZDDP6tRVdQTgxJg,Story of My Life,One Direction
1mKXFLRA179hdOWQBwUk9e,Just Give Me a Reason (feat. Nate Ruess),P!nk
1X1DWw2pcNZ8zSub3uhlNz,Hall of Fame,The Script
27tNWlhdAryQY04Gb2ZhUI,Roar,Katy Perry
2y4lAQpi5VTNLu2ldeTdUH,We Can't Stop,Miley Cyrus
,Don't You Worry Child - Radio Edit,Swedish House Mafia
2Foc5Q5nqNiosCNqttzHof,Get Lucky (feat. Pharrell Williams & Nile Rodgers) - Radio Edit,Daft Punk
2vwlzO0Qp8kfEtzTsCXfyE,Wrecking Ball,Miley Cyrus
5yVIlYEHZxQVLyInCdldoS,Impossible,James Arthur
0n4bITAu0Y0nigrz3MFJMb,Blurred Lines,Robin Thicke
1V6gIisPpYqgFeWbMLI0bA,Heart Attack,Demi Lovato
5YqltLsjdqFtvqE7Nrysvs,We Are Never Ever Getting Back Together,Taylor Swift
7EQGXaVSyEDsCWKmUcfpLk,Die Young,Kesha
60wwxj6Dd9NJlirf84wr2c,Clarity,Zedd
6PUIzlqotEmPuBfjbwYWOB,Summertime Sadness (Lana Del Rey Vs. Cedric Gervais) - Cedric Gervais Remix,Lana Del Rey
4J7CKHCF3mdL4diUsmW8lq,Under Control,Calvin Harris
2iUmqdfGZcHIhS3b9E9EWq,Everybody Talks,Neon Trees
2aSC2xhRxOLiiZZVjhbylH,"Hold On, We're Going Home",Drake
5T7ZFtCcOgkpjxcuaeZbw0,Best Song Ever,One Direction
4My8w8AA1JpG6E5SiAPvJL,Kiss You,One Direction
24LS4lQShWyixJ0ZrJXfJ5,Sweet Nothing (feat. Florence Welch),Calvin Harris
5CMjjywI0eZMixPeqNd75R,Lose Yourself to Dance,Daft Punk
3KliPMvk1EvFZu9cvkj8p1,Work Bitch,Britney Spears
6Uy6K3KdmUdAfelUp0SeXn,Brave,Sara Bareilles
,Can't Hold Us (feat. Ray Dalton),Macklemore & Ryan Lewis
0Hf4aIJpsN4Os2f0y0VqWl,Feel This Moment (feat. Christina Aguilera),Pitbull
2EcsgXlxz99UMDSPg5T8RF,Beneath Your Beautiful,Labrinth
4kte3OcW800TPvOVgrLLj8,Let Me Love You (Until You Learn To Love Yourself),Ne-Yo
6CjtS2JZH9RkDz5UVInsa9,Thrift Shop (feat. Wanz),Macklemore & Ryan Lewis
1hZk9dktp4yRFTm0TrycuH,If I Lose Myself - Alesso vs OneRepublic,OneRepublic
06EL94D0TA27Ik0Ke5usbj,The Way,Ariana Grande
6vt0I1cw1YmAIKDJvHVIM5,Suit & Tie,Justin Timberlake
01TuObJVd7owWchVRuQbQw,#thatPOWER,will.i.am
6HZ9VeI5IRFCNQLXhpF4bq,I Love It (feat. Charli XCX),Icona Pop
4vFAQiKjln3ZhciolZrrdi,Play Hard (feat. Ne-Yo & Akon) - New Edit,David Guetta
6TwfdLbaxTKzQi3AgsZNzx,Daylight,Maroon 5
0HnaqUxvHP5LaWdmWwJpiS,Love Somebody,Maroon 5
1yW00C89gUWPvUh5fkyzz4,A Little Party Never Killed Nobody (All We Got),Fergie
1bmtVglfmSQWfKjgPyERJ8,Move,Little Mix
4i1yHB5Q9PhtWlWCplG3u5,Walks Like Rihanna,The Wanted
1TLDCcOtIVo7tAsG1ozxic,Rock N Roll,Avril Lavigne
2GCKWEsbb0Xo1oodTOKVi1,Heartbreaker,Justin Bieber
6ToFxXRBtl5TJFEyIoYK3f,Mirrors - Radio Edit,Justin Timberlake
1Xsxp1SEOxuMzjrFZhtw8u,Next To Me,Emeli Sandé
6SjCa7LhEpPNiCxe3bLln4,Made In The USA,Demi Lovato
0EGVOnw876hry5JOK0ZaeV,Clown,Emeli Sandé
3XyMPyuWwHcGMvXeJY6Qt0,Girl On Fire (feat. Nicki Minaj) - Inferno Version,Alicia Keys
5mIqtDBiw3rqMxsJc4UVM6,TKO,Justin Timberlake
6LoQHIo74tOzQ8EsLEkhgF,Come & Get It,Selena Gomez
2FHdoPa5aWaAmjuf362KJ0,Live It Up,Jennifer Lopez
6XS8t28Zl7a9LiZacsRdNK,We Own The Night,The Wanted
2DI0fZ4QZmLtapszYaoG6F,Atlas - From The Hunger Games: Catching Fire Soundtrack,Coldplay
52vS7mJ0a70Z4uRCfl8SjH,What About Love,Austin Mahone
0a4ZGSRZOgspQy2HYzU82l,Take Back the Night,Justin Timberlake
5ka2ajep9OAvU5Sgduhiex,Applause,Lady Gaga
7C7yqFTM0ncyJ04GIKrxdV,Anything Could Happen,Ellie Goulding
0F6RPDtMi519sr7sl2gOVv,Finally Found You,Enrique Iglesias
4ZtnkM504iN0eeCLfGew2W,Pom Poms,Jonas Brothers
1ahAuX3F6tDdNRfMdiLsv6,#Beautiful,Mariah Carey
457VLDn6a4MuwJhvqceLjj,How Ya Doin'? (feat. Missy Elliott),Little Mix
53PRe78lhLrZukCVZkOD3A,Crazy Kids (feat. will.i.am),Kesha
7bpvfjoneSQvW0tbtVm1Jk,"Ooh La La (from ""The Smurfs 2"")",Britney Spears
6tFeZgmfkspHPH33MWe3m0,People Like Us,Kelly Clarkson
7jzjN8awsBYLjFqlsSCJ1j,Overdose,Ciara
1CVyTJZkL9JcGkvNIRRyUZ,Right Now - Dyro Radio Edit,Rihanna
5zDQlhcJ5KOoXeSMGwiuJY,Give It 2 U,Robin Thicke
2LflDhyBXVNrfmHxAayS3K,Foolish Games,Jewel
242JV78jcQFoeIIPxjXGGE,Outta Nowhere (feat. Danny Mercer),Pitbull
2aumHW3ptOrlyytsCQyu7Q,Freak,Kelly Rowland
3U4isOIWM3VvDubwSI3y7a,All of Me,John Legend
5Nm9ERjJZ5oyfXZTECKmRt,Stay With Me,Sam Smith
6YUTL4dYpB9xZO5qExPf05,Summer,Calvin Harris
60nZcImufyMA1MKQY3dcCH,"Happy - From ""Despicable Me 2""",Pharrell Williams
6RtPijgfPKROxEzTHNRiDp,Rude,MAGIC!
5xTtaWoae3wi06K5WfVUUH,Shake It Off,Taylor Swift
4jbmgIyjGoXjY01XxatOx6,Dark Horse,Katy Perry
4lhqb6JvbHId48OUJGwymk,Hey Brother,Avicii
4gbVRS8gloEluzf0GzDOFc,Maps,Maroon 5
55h7vJchibLdUkxdlX3fK7,Treasure,Bruno Mars
1KxwZYyzWNyZSRyErj2ojT,Let Her Go,Passenger
7vS3Y0IKjde7Xg85LWIEdP,Problem,Ariana Grande
3gbBpTdY8lnQwqxNCcf795,Pompeii,Bastille
3G6hD9B2ZHOsgf4WfNu7X1,Team,Lorde
5VSCgNlSmTV2Yq5lB40Eaw,Love Me Again,John Newman
1DunhgeZSEgWiIYbHqXl0c,Latch,Disclosure
5AnCLGg35ziFOloEnXK4uu,Adore You,Miley Cyrus
48td6xvpokdYwvbl3JIiXP,Love Never Felt So Good,Michael Jackson
5lF0pHbsJ0QqyIrLweHJPW,Burn,Ellie Goulding
1gugDOSMREb34Xo0c1PlxM,She Looks So Perfect,5 Seconds of Summer
3oiMJQAWVaxSubJ7b2VUtX,Fancy,Iggy Azalea
6g6A7qNhTfUgOSH7ROOxTD,Talk Dirty (feat. 2 Chainz),Jason Derulo
2ih2U8ttFzCjnQ5njF3SrR,Gorilla,Bruno Mars
1x80xTzSL7pok3M5JC3oJz,human,Christina Perri
3G5iN5QBqMeXx3uZPy8tgB,Young Girls,Bruno Mars
2sLwPnIP3CUVmIuHranJZU,Wiggle (feat. Snoop Dogg),Jason Derulo
5BJSZocnCeSNeYMj3iVqM7,Love Runs Out,OneRepublic
7GCElX2eJA5t0AFWw3WzKn,This Is How We Do,Katy Perry
2n3CaPGPLYnYAvTEwKCX8t,Mmm Yeah (feat. Pitbull),Austin Mahone
1yW00C89gUWPvUh5fkyzz4,A Little Party Never Killed Nobody (All We Got),Fergie
1HOlb9rdNOmy9b1Fakicjo,#SELFIE,The Chainsmokers
5hgnY0mVcVetszbb85qeDg,Partition,Beyoncé
2xLOMHjkOK8nzxJ4r6yOKR,Birthday,Katy Perry
4rYLpaNFzt6pkQnrCvVHUw,G.U.Y.,Lady Gaga
2QtJA4gbwe1AcanB2p21aP,Stay The Night - Featuring Hayley Williams Of Paramore,Zedd
1A2PVHd6kWaMlaJVkMfXmz,"Let It Go - From ""Frozen / Single Version",Demi Lovato
1D4XFKolp63mNqqMXJJL1V,Wings,Birdy
7o1Pm9jpH0wFpN5g793Lnq,Can't Remember to Forget You (feat. Rihanna),Shakira
7qfwcqfGOkQYtzjF4UzJHM,Shot Me Down (feat. Skylar Grey) - Radio Edit,David Guetta
6Vc5wAMmXdKIAM7WUoEb7N,Say Something,A Great Big World
0FDzzruyVECATHXKHFs9eJ,A Sky Full of Stars,Coldplay
24MSdaNRlLgjp8xYeJeXwZ,Come Get It Bae,Pharrell Williams
2s1sdSqGcKxpPr5lCl7jAV,Chandelier,Sia
40xhyfAPDoMtv494MfPevP,XO,Beyoncé
1PCvKFPWnTXAe2oaReVUcr,We Are One (Ole Ola) [The Official 2014 FIFA World Cup Song],Pitbull
5sF7hdYvhrcgNq8NZjfK8L,Not About Angels,Birdy
6jG2YzhxptolDzLHTGLt7S,Drunk in Love,Beyoncé
794F99D5BQHS5ZGRXAs7I5,Anaconda,Nicki Minaj
11N58AwI4g2GlBaHEiZdmk,Boom Clap - From the Motion Picture Das Schicksal ist ein mieser Verräter,Charli XCX
6i2kn3iS5WKzsaYBdeHLIQ,La La La (Brasil 2014) (feat. Carlinhos Brown),Shakira
3C5in0EVdoGepp5bA6lhlE,Tee Shirt - Soundtrack Version,Birdy
7K4H981XtOLGZv3EmbAJpn,Words as Weapons,Birdy
2V3EBbauVyLyc8nU2igZyJ,You're Mine (Eternal),Mariah Carey
35BYiAVLy0Cpu1TbmQgeDi,Sheezus,Lily Allen
0nSr7aFZlWoM4hULnAGTdx,Cannonball,Lea Michele
,It's On Again - Main Soundtrack,Alicia Keys
0fjqx2nfpWXdbrbnxDDgPT,I Luh Ya Papi,Jennifer Lopez
3nB82yGjtbQFSU0JLAwLRH,Not a Bad Thing,Justin Timberlake
34gCuhDGsG4bRPIf9bb02f,Thinking out Loud,Ed Sheeran
5RYtz3cpYb28SV8f1FBtGc,I'm Not The Only One,Sam Smith
7fBv7CLKzipRk6EC6TWHOB,The Hills,The Weeknd
50kpGaPAhYJ3sGmk6vplg0,Love Yourself,Justin Bieber
32OlwWuMpZ6b0aN2RZOeMS,Uptown Funk,Mark Ronson
1CS7Sd1u5tWkstBhpssyjP,Take Me To Church,Hozier
2iuZJX9X9P0GKaE93xcPjk,Sugar,Maroon 5
09CtPGIpYB4BrO8qb1RGsF,Sorry,Justin Bieber
78TTtXnFQPzwqlbtbwqN0y,FourFiveSeconds,Rihanna
1ip2IGDWMrUmlaepEbWlL8,"Love Me Like You Do - From ""Fifty Shades Of Grey""",Ellie Goulding
2PIvq1pGrUjY007X5y1UpM,"Earned It (Fifty Shades Of Grey) - From The ""Fifty Shades Of Grey"" Soundtrack",The Weeknd
4B0JvthVoAAuygILe3n4Bs,What Do You Mean?,Justin Bieber
5jsw9uXEGuKyJzs0boZ1bT,Stitches,Shawn Mendes
7oGZAicScQt96OAW4AruYy,Want to Want Me,Jason Derulo
6Knv6wdA0luoMUuuoYi2i1,My House,Flo Rida
1HFfMOxCAT4GAwaPfCdmUs,Waves - Robin Schulz Radio Edit,Mr. Probz
5O2P9iiztwhomNh8xkR9lJ,Night Changes,One Direction
22mek4IiqubGD9ctzxc69s,How Deep Is Your Love,Calvin Harris
6hmhG1b4LEyNuashVvuIAo,Never Forget You,Zara Larsson
5J4ZkQpzMUFojo1CtAZYpn,Love Me Harder,Ariana Grande
2bL2gyO6kBdLkNSkxXNh6x,Animals,Maroon 5
07nH4ifBxUB4lZcsf44Brn,Blame,Calvin Harris
41Fflg7qHiVOD6dEPvsCzO,Worth It,Fifth Harmony
12KUFSHFgT0XCoiSlvdQi4,Break Free,Ariana Grande
2GGOQWJo7FGEQojc7baekK,Don't,Ed Sheeran
5S9lfZu1YF8xKkgSsqL2Bd,Elastic Heart,Sia
0am001WwFBVGDGLwRh3ixi,Rather Be (feat. Jess Glynne),Clean Bandit
62PaSfnXSMyLshYJrlTuL3,Hello,Adele
3cU2wBxuV6nFiuf6PJZNlC,Dear Future Husband,Meghan Trainor
,43776,Beyoncé
6wJwkMo278iWVlWl1XQ4WA,The Heart Wants What It Wants,Selena Gomez
5b2bu6yyATC1zMXDGScJ2d,"Hey Mama (feat. Nicki Minaj, Bebe Rexha & Afrojack)",David Guetta
11mwFrKvLXCbcVGNxffGyP,Genie In a Bottle,Christina Aguilera
61uyGDPJ06MkxJtHgPmuyO,Company,Justin Bieber
6dLRhOWgxr1kyL5wO6IE0E,Sing,Ed Sheeran
5NQJnRpJHRaupdegphntQT,Jealous - Remix,Nick Jonas
5vTPxzm4h2bY9rYyVrGEU5,Really Don't Care,Demi Lovato
5pfJsMwoRYKampPay8amX0,"Downtown (feat. Melle Mel, Grandmaster Caz, Kool Moe Dee & Eric Nally)",Macklemore & Ryan Lewis
62ke5zFUJN6RvtXZgVH0F8,Only Love Can Hurt Like This,Paloma Faith
7FC9Lng8iXU081lbigu8m8,Heartbeat Song,Kelly Clarkson
1RidHM9BC4M8DpfSQ6YLJh,Up,Olly Murs
5KONnBIQ9LqCxyeSPin26k,Trumpets,Jason Derulo
5yZvaUVyuXfSVUaMumFi6l,Runnin' (Lose It All),Naughty Boy
1BZG99C7Co1r6QUC3zaS59,Same Old Love,Selena Gomez
1JDIArrcepzWDTAWXdGYmP,I Want You To Know,Zedd
6gj08XDlv9Duc2fPOxUmVD,Lips Are Movin,Meghan Trainor
,I'll Show You,Justin Bieber
5zUQZjVB6bfewBXWqsP9PY,Here,Alessia Cara
3IQF4xCQUPicbA4hWfTxPo,I Lived,OneRepublic
4Y7XAxTANhu3lmnLAzhWJW,Fireball (feat. John Ryan),Pitbull
5s7xgzXtmY4gMjeSlgisjy,Easy Love,Sigala
7E390nZTMqEbrNC1TmHd42,The Feeling,Justin Bieber
2hHLbkatPwOOmrNxTiD41L,I Really Like You,Carly Rae Jepsen
1COvXs6jaykXC73h9OSBVM,BO$$,Fifth Harmony
2iuZJX9X9P0GKaE93xcPjk,Sugar,Maroon 5
1cdzfFjEbUbgTm5nv3FgXR,Focus,Ariana Grande
5jE48hhRu8E6zBDPRSkEq7,All About That Bass,Meghan Trainor
5a7NdkF09AfD0H607eiOkX,On My Mind,Ellie Goulding
6L2uVVPJA9WcDc7zCZ4DHN,Love Me Like You,Little Mix
260jSxvzkFt71ksvkcy2ke,Broken Arrows,Avicii
6dshconh2KBbGxVh7GtSTC,Booty,Jennifer Lopez
5YNf9s8WE3iF33YaFNrgpa,What Do You Mean? - Acoustic,Justin Bieber
2SnNaoNhMjC1WRMTWD8qTX,Mark My Words,Justin Bieber
38ismoqQYn75ruDSQ2Jtx8,Lay It All on Me,Rudimental
0bHA8LApeZHv7ZlhVUWg8X,American Oxygen,Rihanna
0puf9yIluy9W0vpMEUoAnN,Bang Bang,Jessie J
0cOBMETjhxublnnwhbnzJO,Reality - Radio Edit,Lost Frequencies
25R5Tdr4K7ENb6umHzdCXn,Alive,Sia
5tf1VVWniHgryyumXyJM7w,Sugar (feat. Francesco Yates),Robin Schulz
6gcA4zzG6FnMEgPSDKbAMs,Been You,Justin Bieber
5fnA9mkIfScSqHIpeDyvck,Prayer in C - Robin Schulz Radio Edit,Lilly Wood and The Prick
2JzZzZUQj3Qff7wapcbKjc,See You Again (feat. Charlie Puth),Wiz Khalifa
3zU9rdflI65tK4dkkNSp77,Heroes (we could be),Alesso
37ghREM9A8OnBosCUxeDm1,"Feel The Light - From The ""Home"" Soundtrack",Jennifer Lopez
3NLnwwAQbbFKcEcV8hDItk,Perfect,One Direction
4yDLW1kpgN7RGa6wCtxlL8,Ghosttown,Madonna
53Y0kdCa1CZ9gRqEuknfwy,Bang My Head (feat. Sia & Fetty Wap),David Guetta
2B5xLvyO0T52MKKWlCozQf,Bloodstream,Ed Sheeran
5AMuHsWAaGAZHX4p1KZWwc,Living For Love,Madonna
5t54WbqXtMwT5yF1nQSuKz,Baby Don't Lie,Gwen Stefani
4HByrDOPYBOnrBK1iJ8trs,Don't Be so Hard on Yourself,Jess Glynne
2Bs4jQEGMycglOfWPBqrVG,Steal My Girl,One Direction
3hm9Df6fGtYVPicuJulXyN,"Celebrate (From the Original Motion Picture ""Penguins of Madagascar"")",Pitbull
1lEPbd3Pf73s28zoem3IxX,We Are Here,Alicia Keys
61cqRRPu5UNnh5ki7d2QsO,St Jude,Florence + The Machine
6ROiS5xMT041FmOEodgkUO,Yesterday (feat. Bebe Rexha),David Guetta
2bJvI42r8EF3wxjOuDav4r,Time of Our Lives,Pitbull
2ipJSuGf1GtxSIt2KvOGxl,Sparks,Hilary Duff
3qCs3Lz87cRnSCtcOfuxAE,Mr. Put It Down,Ricky Martin
5Uc37Y6FijZcM538PqqkWd,Legendary Lovers,Katy Perry
7jmRaRTtDMhV6Yh9KuEHsp,Spark The Fire,Gwen Stefani
7qtBirjfexEIOK3xuqYLR3,Run Run Run,Kelly Clarkson
56BaSi5aNBVtyPpUOcgPXr,Let Me Be Your Lover,Enrique Iglesias
66rQjNnLZbm1PrWv7JCJOs,Dangerous,Jennifer Hudson
746BlfyY0hVG65EtfaNvwo,L.A.LOVE (la la),Fergie
7fBv7CLKzipRk6EC6TWHOB,The Hills,The Weeknd
50kpGaPAhYJ3sGmk6vplg0,Love Yourself,Justin Bieber
76hfruVvmfQbw0eYn1nmeC,Cake By The Ocean,DNCE
0OZjP4XoAOdXPhgSIypwqu,Don't Let Me Down,The Chainsmokers
23L5CiUhw2jV1OIMwthR3S,In the Name of Love,Martin Garrix
63y6xWR4gXz7bnUGOk8iI6,Into You,Ariana Grande
0azC730Exh71aQlOt9Zj3y,This Is What You Came For,Calvin Harris
7dZ1Odmx9jWIweQSatnRqo,Million Reasons,Lady Gaga
4pAl7FkDMNBsjykPXo91B3,Needed Me,Rihanna
5kqIPrATaCc2LqxVWzQGbk,7 Years,Lukas Graham
,"CAN'T STOP THE FEELING! (Original Song from DreamWorks Animation's ""TROLLS"")",Justin Timberlake
4tCtwWceOPWzenK2HAIJSb,Work from Home (feat. Ty Dolla $ign),Fifth Harmony
0wI7QkCcs8FUQE1OkXUIqd,Scars To Your Beautiful,Alessia Cara
2YlZnw2ikdb837oKMKjBkW,Like I'm Gonna Lose You (feat. John Legend),Meghan Trainor
72TFWvU3wUYdUuxejTTIzt,Work,Rihanna
5jsw9uXEGuKyJzs0boZ1bT,Stitches,Shawn Mendes
40YcuQysJ0KlGQTeGUosTC,"Me, Myself & I",G-Eazy
0vbtURX4qv1l7besfwmnD8,I Took A Pill In Ibiza - Seeb Remix,Mike Posner
6RUhbFEhrvGISaQ8u2j2JN,Dangerous Woman,Ariana Grande
4Ce37cRWvM1vIGGynKcs22,Starving,Hailee Steinfeld
0ErK6K0kYr0Ow2RkPMhmMs,Shout Out to My Ex,Little Mix
2GiJYvgVaD2HtM8GqD9EgQ,Electric Love,BØRNS
3DXXKDbbZKyAZfNb96ST3q,Confident,Demi Lovato
3BtuIIrQlkujKPuWF2B85z,Too Good,Drake
3vv9phIu6Y1vX3jcqaGz5Z,Roses,The Chainsmokers
,Cold Water (feat. Justin Bieber & MØ),Major Lazer
3KwwE4sgCzMaKWq6QBebmX,Me Too,Meghan Trainor
,Light It Up (feat. Nyla & Fuse ODG) [Remix],Major Lazer
,Ain't Your Mama,Jennifer Lopez
3lSDIJ2abCrOdDJ6pshUap,Close,Nick Jonas
7ciLq0Cip0yxiz6KANrOUq,Toothbrush,DNCE
2rizacJSyD9S1IQUxUxnsK,All We Know,The Chainsmokers
4qqArAiTPueDxIp7cf87h7,Final Song,MØ
61uyGDPJ06MkxJtHgPmuyO,Company,Justin Bieber
1LoriJC05IrHIDwj3q0KC1,Hands To Myself,Selena Gomez
05TOt5Vz4StdjMpEdFPlvB,All I Ask,Adele
7K5dzhGda2vRTaAWYI3hrb,"Just Like Fire (From the Original Motion Picture ""Alice Through The Looking Glass"")",P!nk
0l0CvurVUrr2w3Jj1hOVFc,NO,Meghan Trainor
1QNoKVgA758HFLu3TW2q7R,Kill Em With Kindness,Selena Gomez
3tJ4y2Zqx6gM9xOAuFfsSF,Cool Girl,Tove Lo
5yZvaUVyuXfSVUaMumFi6l,Runnin' (Lose It All),Naughty Boy
5zUQZjVB6bfewBXWqsP9PY,Here,Alessia Cara
56ZrTFkANjeAMiS14njg4E,Perfect Illusion,Lady Gaga
0PDUDa38GO8lMxLCRc4lL1,PILLOWTALK,ZAYN
045ZeOHPIzhxxsm8bq5kyE,Out Of The Woods,Taylor Swift
1CwNogTShsnsn1C8UhRmYX,Rise,Katy Perry
7kftK4n15rl1wbpfjSq2Tk,Wherever I Go,OneRepublic
7xrA11O07xo57Bbg6p4hck,Body Say,Demi Lovato
,Don't Be A Fool,Shawn Mendes
1zWMf9bVyhY5W3ZORbjNWt,LIKE I WOULD,ZAYN
2ONIJ40u0Attbm3miIIpNO,Cheap Thrills,Sia
2jB9QaPJyVdz2Q0Va8rrnU,I Got You,Bebe Rexha
0FS7B5o3QyvOD8eWjnbLoO,Run Away With Me,Carly Rae Jepsen
0B2RttXEiyXsMeQ7mMP3EI,Cruel (feat. ZAYN),Snakehips
0t7fVeEJxO2Xi4H2K5Svc9,Send My Love (To Your New Lover),Adele
7IAa7vUJ11STN7le8XaxsH,WTF (Where They From),Missy Elliott
6ctWstoouxCcvuTsd4cHNS,Desire,Years & Years
7GgWAITsYJaRM3r50rfh5w,When We Were Young,Adele
2GyA33q5rti5IxkMQemRDH,I Know What You Did Last Summer,Shawn Mendes
1FrrRHxMKVvd85O3gancxW,Wish That You Were Here - From Miss Peregrines Home for Peculiar Children Original Motion Picture,Florence + The Machine
6jRb6vNUr9jVAR426U2ldU,Hurts,Emeli Sandé
7xYy4fuiPfFEAsjz3H93Sl,Change,Christina Aguilera
7JGoiIouGqreRXOrHFAIyr,Make Me... (feat. G-Eazy),Britney Spears
6lyjWvSUgYtX26zfrQ6gn8,Keeping Your Head Up,Birdy
71qR03VPn762lG8esdRmkR,True Colors,Zedd
2WIxwn8LZRI7knO1VbwdaE,Make Me Like You,Gwen Stefani
0HqkqqlMMKeyhC3I7mNV7b,Champagne Problems,Nick Jonas
1Nj0Vy9jjuLW28pV0TApfw,Blown,DNCE
7cyKrN1y4q59bc1gJX3QEG,Start,John Legend
3Of77FYMTeIucSWOnOvAkH,Pep Rally,Missy Elliott
3MXDEDLmQPSQvoyJIYbIp3,Higher,Carly Rae Jepsen
6wZgnzxBD8n7tdIyIcrgQB,Invitation,Britney Spears
1TMl2VF0sT8Kh1lsrqF6jT,One Call Away (feat. Tyga) - Remix,Charlie Puth
,Beautiful Birds (feat. Birdy),Passenger
5j5n2PCMEHELvwG6wHtsq7,Little Lies,Hilary Duff
1SNkH9VPHS547atbnCjCEx,Do You Wanna Come Over?,Britney Spears
1YtcIuI5XFECsATZjjN4qK,BURNITUP!,Janet Jackson
1T4yFuWR3UFXQ9Og8IKMmi,Picky - Remix,Joey Montana
6864vb42gzugXbcR3cYVlk,Behind Your Back,Nelly Furtado
0ijHEBUBXIJPp5ubUkDLQi,Million Years Ago,Adele
7qiZfU4dY1lWllzX7mPBI3,Shape of You,Ed Sheeran
7BKLCZ1jbUBVqRi2FVlTVw,Closer,The Chainsmokers
7MXVkk9YMctZqd1Srtv4MB,Starboy,The Weeknd
3QGsuHI8jO1Rx4JWLUh9jd,Treat You Better,Shawn Mendes
41845KfPUpg17FYYw0lKYg,That's What I Like,Bruno Mars
0lYBSQXN6rCTvUZvg9S0lU,Let Me Love You,DJ Snake
3dhjNA0jGA8vHBQ1VdD6vV,I Feel It Coming,The Weeknd
0AS63m1wHv9n4VVRizK6Hc,Mercy,Shawn Mendes
43bCmCI0nSgcT7QdMXY6LV,Side To Side,Ariana Grande
6uBhi9gBXWjanegOb2Phh0,Stay,Zedd
12GEpg2XOPyqk03JZEZnJs,It Ain't Me (with Selena Gomez),Kygo
1UZOjK1BwmwWU14Erba9CZ,Malibu,Miley Cyrus
6RUKPb4LETWmmr3iAEQktW,Something Just Like This,The Chainsmokers
2hrUO4drrO63i7FYbCLBl2,Rockabye (feat. Sean Paul & Anne-Marie),Clean Bandit
55n9yjI6qqXh5F2mYvUc2y,I Dont Wanna Live Forever (Fifty Shades Darker),ZAYN
1vvNmPOiUuyCbgWmtc6yfm,My Way,Calvin Harris
,"I'm the One (feat. Justin Bieber, Quavo, Chance the Rapper & Lil Wayne)",DJ Khaled
0jdny0dhgjUwoIp5GkqEaA,Praying,Kesha
6rPO02ozF3bM7NnOV4h6s2,Despacito - Remix,Luis Fonsi
6bLopGnirdrilrpdVB6Um1,The Greatest,Sia
6jA8HL9i4QGzsj6fjoxp8Y,There for You,Martin Garrix
72jbDTw1piOOj770jWNeaG,Paris,The Chainsmokers
1SJtlNRJDeYHioymcvsqev,Crying in the Club,Camila Cabello
7jEyX4bqaCSdMN4D4JNnVj,Mama,Jonas Blue
7tr2za8SQg2CI8EDgrdtNl,Slide (feat. Frank Ocean & Migos),Calvin Harris
3OtMnyUaiipcAT23A8liyi,Swish Swish,Katy Perry
7qvxFz3JodM0A7xEM7k3YD,Chained To The Rhythm,Katy Perry
7gwLQ4tZ5UdZ7qNcDyJ8wr,Cold (feat. Future),Maroon 5
2Kerz9H9IejzeIpjhDJoYG,Love,Lana Del Rey
58gqyeFXhOttZW3yetJGPN,Reggaetón Lento (Remix),CNCO
05TOt5Vz4StdjMpEdFPlvB,All I Ask,Adele
2Gl0FzuLxflY6nPifJp5Dr,First Time,Kygo
34oB5r0lcN3fYWCs2uA1k5,The Cure,Lady Gaga
,"How Far I'll Go - From ""Moana""",Alessia Cara
6KBYefIoo7KydImq1uUQlL,Bodak Yellow,Cardi B
7dOeiXeTSfA1ixaYmQcWu7,Rich Love (with Seeb),OneRepublic
3b5Li4QKDVBx1x7fQuu54a,Tired,Alan Walker
0mGJTKRIuCOJtiT4YkJHiv,Came Here for Love,Sigala
6b8Be6ljOzmkOmFslEb23P,24K Magic,Bruno Mars
29JrmE89KgRyCxBIzq2Ocw,Strip That Down (feat. Quavo),Liam Payne
6EJiVf7U0p1BBfs0qqeb1f,Cut To The Feeling,Carly Rae Jepsen
,OK - Spotify Version,Robin Schulz
4rHmKlFRiFzabiVO6e9w2e,Bon appétit,Katy Perry
5QqyRUZeBE04yJxsD1OC0I,Summer Bummer (feat. A$AP Rocky & Playboi Carti),Lana Del Rey
2syQ0f4SAQdzvlAewPl1DJ,Get Low (with Liam Payne),Zedd
1NkwZ9TnIs8js6G0M6M7RU,Kissing Strangers,DNCE
2cOUlop2ZakjOKe4WinesN,Slow Hands,Niall Horan
2fGxYYMQbVqgIdaqfz2OwA,Younger Now,Miley Cyrus
2igbKtoBMXdYgYPkCpl0V4,Body Moves,DNCE
0cOBMETjhxublnnwhbnzJO,Reality (feat. Janieck Devy) - Radio Edit,Lost Frequencies
3YB3dT8zhaBxDTXlggRqh6,Angel,Fifth Harmony
3TdXFHsGYGYEYP6Kg3he9W,Touch (feat. Kid Ink),Little Mix
0Ipbnpn89nxSZQDb8wbeTc,We Don't Talk Anymore - DROELOE Remix,Charlie Puth
6tLJ4T7PJPekOrQuSWuL0L,Love Incredible (feat. Camila Cabello),Cashmere Cat
3Gqj86AgnD8EiIOFIGLubs,No Vacancy (with Sebastián Yatra),OneRepublic
0K7Dd9DP6fvOl0mrlX0aUa,Rich Boy,Galantis
0mt02gJ425Xjm7c3jYkOBn,Lust for Life (with The Weeknd),Lana Del Rey
2q95XoeFGixx8b5LNF6Ey1,Greenlight (feat. Flo Rida & LunchMoney Lewis),Pitbull
6IFwG4pnVPcpwX4kXFUbsV,Influence,Tove Lo
5T9G49pXWTV7SHMSksvfL4,Remember I Told You,Nick Jonas
2moTY9zKAZkRsODU4TUXY6,Messin' Around,Pitbull
4jL6WWKFDqCOPo2hC3VhSS,Water Under the Bridge,Adele
07tsxA3VTCCs35M17sBs88,Free Me,Sia
3fyDvrWXYR9PGPDa7rYAMl,Kissing Strangers - Remix,DNCE
2bS2ADg123NZWfTUsjra8a,A L I E N S,Coldplay
7ef4DlsgrMEH11cDZd32M6,One Kiss (with Dua Lipa),Calvin Harris
1rfofaqEpACxVEHIZBJe6W,Havana (feat. Young Thug),Camila Cabello
58q2HKrzhC3ozto2nDdN4z,I Like It,Cardi B
2ekn2ttSfGqwhhate0LSR0,New Rules,Dua Lipa
,There's Nothing Holdin' Me Back,Shawn Mendes
2qT1uLXPVPzGgFOx4jtEuo,no tears left to cry,Ariana Grande
76cy1WJvNGJTj78UqeA5zr,IDGAF,Dua Lipa
2QZ7WLBE8h2y1Y5Fb8RYbH,In My Blood,Shawn Mendes
0tBbt8CrmxbjRP0pueQkyU,Wolves,Selena Gomez
3e7sxremeOE3wTySiOhGiP,Dusk Till Dawn - Radio Edit,ZAYN
5cF0dROlMOK5uNZtivgu50,Attention,Charlie Puth
,Electricity (with Dua Lipa),Silk City
5oO3drDxtziYU2H1X23ZIp,Love On The Brain,Rihanna
5Gu0PDLN4YJeW75PpBSg9p,"Let Me Go (with Alesso, Florida Georgia Line & watt)",Hailee Steinfeld
7vGuf3Y35N4wmASOKLUVVU,Silence,Marshmello
0yvPEnB032fojLfVluFjUv,Sorry Not Sorry,Demi Lovato
6QfS2wq5sSC1xAJCQsTSlj,Shallow - Radio Edit,Lady Gaga
7mkT9kS25nUIoNkm02Ww0n,These Days,Rudimental
2j5hsQvApottzvTn4pFJWF,What Lovers Do (feat. SZA),Maroon 5
3Vo4wInECJQuz9BIBMOu8i,Finesse - Remix; feat. Cardi B,Bruno Mars
1bhUWB0zJMIKr9yVPrkEuI,Perfect Duet (Ed Sheeran & Beyoncé),Ed Sheeran
3OzCF9i6Ey7EkkAYJztmKp,Bad At Love,Halsey
5k38wzpLb15YgncyWdTZE4,Him & I (with Halsey),G-Eazy
7iNIg7XDEaYECfWD5dJ9Va,Friends (with BloodPop®),Justin Bieber
45XhKYRRkyeqoW3teSOkCM,Wild Thoughts (feat. Rihanna & Bryson Tiller),DJ Khaled
4NiehSBQthimPzRsVeOgCT,My My My!,Troye Sivan
6l0Ky2PycJV1Bz88kFeVGL,Capital Letters,Hailee Steinfeld
58kZ9spgxmlEznXGu6FPdQ,Sick Boy,The Chainsmokers
42fw0rxRO2xbesF6mJfd4Y,Tequila,Dan + Shay
1P17dC1amhFzptugyAO7Il,Look What You Made Me Do,Taylor Swift
1h0yImRPIVAjhhHeNVlTuC,Youth (feat. Khalid),Shawn Mendes
2fZQIJew3nkNe99s2PKzul,Bad Liar,Selena Gomez
7EI6Iki24tBHAMxtb4xQN2,Anywhere,Rita Ora
1LhMopPAallLeaeNutqbgS,Say Something,Justin Timberlake
1e4rwBPVI32vZtTJu7mJ4J,Chun-Li,Nicki Minaj
5Ohxk2dO5COHF1krpoPigN,Sign of the Times,Harry Styles
0Y4hwUppbGc8aIBmiTz30A,Familiar,Liam Payne
2cEmWBBlCfR9wWrY9JmTyt,Let Me,ZAYN
2ZIZXWnU52s0C75sPYiwvh,Supernova,Ansel Elgort
5wxurz8J6YlyQRNnGN8zXS,Nervous,Shawn Mendes
2Gl0FzuLxflY6nPifJp5Dr,First Time,Kygo
2x0WlnmfG39ZuDmstl9xfX,End Game,Taylor Swift
0GzmMQizDeA2NVMUaZksv0,Mi Gente (feat. Beyoncé),J Balvin
4PpuH4mxL0rD35mOWaLoKS,Lemon,N.E.R.D
5rlMVKnvE6ZSzNCs8ZyHqU,For You (With Rita Ora),Liam Payne
5fK0Q3j2iUcQtiRDXlPW0K,Want To,Dua Lipa
5nFyaoBWwwMJ9fv33tZ2MB,What I Need (feat. Kehlani),Hayley Kiyoko
6AvfZXpbb6r35DfF7gHPRq,Wait,Maroon 5
0Qh38w01QRXK6KHIv0e3hb,What About Us,P!nk
1NkwZ9TnIs8js6G0M6M7RU,Kissing Strangers,DNCE
61WR5FfGNLJxpLsAc61qWQ,2U (feat. Justin Bieber),David Guetta
7CcoUAtUcYhUfBsmtn0ajO,Walk On Water (feat. Beyoncé),Eminem
0qvzXomUDJVaUboy2wMfiS,This Town,Niall Horan
1YNQscOx6OqBQjxgJVhEeW,"Girls (feat. Cardi B, Bebe Rexha & Charli XCX)",Rita Ora
1BuTNbYxxFYezD1tT8AJR9,MOVE TO MIAMI,Enrique Iglesias
7HdZY9UJTylIiNcSDFyUDc,Miss You (with Major Lazer & Tory Lanez),Cashmere Cat
5ZpjODX6OH1xZs3AOewTO6,Filthy,Justin Timberlake
0sVgOxAOOAj0K8PdFEGhrR,Never Be the Same - Radio Edit,Camila Cabello
3hfPmifit8Rtc0zj9WYQlU,Ferrari,Bebe Rexha
6jT85s2dZ55HBqjXYi2rfI,Supplies,Justin Timberlake
1HVpe3XPrCNpk2rVJT602s,Boom Boom,RedOne
1Ygm9KdH3wbzDekO8JgxcW,...Ready For It? - BloodPop® Remix,Taylor Swift
2qcG0nZ6S3zZV0UrkY5nFo,Drip (feat. Migos),Cardi B
374iA7aY6LstovLWSdFSPR,Tell Me You Love Me - NOTD Remix,Demi Lovato
4cktbXiXOapiLBMprHFErI,Memories,Maroon 5
4l0Mvzj72xxOpRrp6h8nHi,Lose You To Love Me,Selena Gomez
7qEHsqek33rTcFNT9PFqLf,Someone You Loved,Lewis Capaldi
6v3KW9xbzN5yKLt9YKDYA2,Señorita,Shawn Mendes
6b2RcmUt1g9N9mQ3CbjX2Y,How Do You Sleep?,Sam Smith
4vUmTMuQqjdnvlZmAH61Qk,South of the Border (feat. Camila Cabello & Cardi B),Ed Sheeran
2ez6qvOTHKeI3ss80NGqnI,Trampoline (with ZAYN),SHAED
7BqHUALzNBTanL6OvsqmC1,Happier,Marshmello
3HWzoMvoF3TQfYg4UPszDq,Truth Hurts,Lizzo
07Oz5StQ7GRoygNLaXs2pd,Good as Hell (feat. Ariana Grande) - Remix,Lizzo
1kKYjjfNYxE0YYgLa7vgVY,Higher Love,Kygo
0DiDStADDVh3SvAsoJAFMk,Only Human,Jonas Brothers
70eFcWOvlMObDhURTqT4Fv,Beautiful People (feat. Khalid),Ed Sheeran
22vgEDb5hykfaTwLuskFGD,Sucker,Jonas Brothers
,Don't Call Me Up,Mabel
3HVWdVOQ0ZA45FuZGSfvns,I Don't Care (with Justin Bieber),Ed Sheeran
6TqXcAFInzjp0bODyvrWEq,Talk (feat. Disclosure),Khalid
5itOtNx0WxtJmi1TQ3RuRd,Giant (with Rag'n'Bone Man),Calvin Harris
3g0mEQx3NTanacLseoP0Gw,Takeaway,The Chainsmokers
1D2Aldrksl9yWWCIPOeDzy,All Around The World (La La La),R3HAB
6V1bu6o1Yo5ZXnsCJU8Ovk,Girls Like You (feat. Cardi B),Maroon 5
2oejEp50ZzPuQTQ6v54Evp,Call You Mine,The Chainsmokers
6XHVuErjQ4XNm6nDPVCxVX,No Guidance (feat. Drake),Chris Brown
1DhRbox3xkceP64k3JeYfW,Antisocial (with Travis Scott),Ed Sheeran
0KoiMHhqKLoL4xM54rcWYY,"Taki Taki (feat. Selena Gomez, Ozuna & Cardi B)",DJ Snake
4au7FRcgZzChASRYu279xH,Con Calma - Remix,Daddy Yankee
1HpzOCZbNWzxvvXfSGtSrX,Find U Again (feat. Camila Cabello),Mark Ronson
4wuCQX7JvAZLlrcmH4AeZF,Cross Me (feat. Chance the Rapper & PnB Rock),Ed Sheeran
03nPEoQOYMuDe7KmGljpmd,"No Brainer (feat. Justin Bieber, Chance the Rapper & Quavo)",DJ Khaled
27rdGxbavYJeBphck5MZAF,Nothing Breaks Like a Heart (feat. Miley Cyrus),Mark Ronson
2PgMUAn2bBpm8gz6yAXvVL,Kills You Slowly,The Chainsmokers
